<?xml version="1.0" encoding="UTF-8"?>
<project-private xmlns="http://www.netbeans.org/ns/project-private/1">
    <editor-bookmarks xmlns="http://www.netbeans.org/ns/editor-bookmarks/2" lastBookmarkId="0"/>
    <open-files xmlns="http://www.netbeans.org/ns/projectui-open-files/2">
        <group>
            <file>file:/C:/xampp/htdocs/php_ChatApp/includes/core.inc.php</file>
            <file>file:/C:/xampp/htdocs/php_ChatApp/includes/functions/chat.func.php</file>
            <file>file:/C:/xampp/htdocs/php_ChatApp/includes/database/connect.db.php</file>
            <file>file:/C:/xampp/htdocs/php_ChatApp/index.php</file>
        </group>
    </open-files>
</project-private>
